partition,clients,condition,gamma,seed,final5_mse,final5_r2,total_upload_bytes,total_crowd_reviewed,total_crowd_fixed,initial_corrupted,final_remaining_corrupted,selection_precision,correction_recall,noise_sigma_actual,mean_round_wall_s
iid,2,baseline,0.0,1,0.5555084317239029,0.5760801086164561,4320.0,0.0,0.0,0.0,0.0,0.0,0.0,0.0,0.05915354000000035
iid,2,crowd,0.5,1,0.5545462606073668,0.5768143611532691,4320.0,100.0,49.0,4954.0,4905.0,0.49,0.0098909971740008,0.5781131322404574,0.03334329666666639
iid,2,crowd,1.0,1,0.5537289414827449,0.5774380741605772,4320.0,100.0,86.0,4954.0,4868.0,0.86,0.0173597093257973,1.1562262644809147,0.0794275600000002
iid,2,noise,0.5,1,0.5546430762394504,0.5767404791563574,4320.0,0.0,0.0,4954.0,4954.0,0.0,0.0,0.5781131322404574,0.07248440333333296
iid,2,noise,1.0,1,0.5538933389780636,0.5773126190560651,4320.0,0.0,0.0,4954.0,4954.0,0.0,0.0,1.1562262644809147,0.08108273000000006
iid,5,baseline,0.0,1,0.5538926709017475,0.5773131288788206,10800.0,0.0,0.0,0.0,0.0,0.0,0.0,0.0,0.21232524666666655
iid,5,crowd,0.5,1,0.5536202959214678,0.5775209838193793,10800.0,100.0,41.0,4955.0,4914.0,0.41,0.0082744702320887,0.5781131322404574,0.12661025666666742
iid,5,crowd,1.0,1,0.5534178892721479,0.5776754444898117,10800.0,100.0,81.0,4955.0,4874.0,0.81,0.0163471241170534,1.1562262644809147,0.19084575333333403
iid,5,noise,0.5,1,0.5542032448221725,0.5770761235426377,10800.0,0.0,0.0,4955.0,4955.0,0.0,0.0,0.5781131322404574,0.17827282333333286
iid,5,noise,1.0,1,0.5545913517577328,0.576779951170497,10800.0,0.0,0.0,4955.0,4955.0,0.0,0.0,1.1562262644809147,0.09987053333333333
noniid,2,baseline,0.0,1,0.5652865021424907,0.568618262291415,4320.0,0.0,0.0,0.0,0.0,0.0,0.0,0.0,0.07758821333333303
noniid,2,crowd,0.5,1,0.5650553862921494,0.5687946315426785,4320.0,100.0,51.0,4954.0,4903.0,0.51,0.0102947113443681,0.5781131322404574,0.08717467666666652
noniid,2,crowd,1.0,1,0.5653367929788105,0.5685798843215177,4320.0,100.0,84.0,4954.0,4870.0,0.84,0.0169559951554299,1.1562262644809147,0.05837721666666657
noniid,2,noise,0.5,1,0.5652115783137655,0.568675438203645,4320.0,0.0,0.0,4954.0,4954.0,0.0,0.0,0.5781131322404574,0.03768323999999975
noniid,2,noise,1.0,1,0.5651921609110854,0.5686902560223583,4320.0,0.0,0.0,4954.0,4954.0,0.0,0.0,1.1562262644809147,0.07397830666666638
noniid,5,baseline,0.0,1,0.5526490702851093,0.5782621460461995,10800.0,0.0,0.0,0.0,0.0,0.0,0.0,0.0,0.2041309033333328
noniid,5,crowd,0.5,1,0.5520378370088697,0.5787285907107197,10800.0,100.0,52.0,4955.0,4903.0,0.52,0.010494450050454,0.5781131322404574,0.16915824000000015
noniid,5,crowd,1.0,1,0.551339521832315,0.5792614893615609,10800.0,100.0,85.0,4955.0,4870.0,0.85,0.0171543895055499,1.1562262644809147,0.14822635333333448
noniid,5,noise,0.5,1,0.5523974888616663,0.5784541329965491,10800.0,0.0,0.0,4955.0,4955.0,0.0,0.0,0.5781131322404574,0.1922395266666663
noniid,5,noise,1.0,1,0.5523186364696754,0.5785143068760785,10800.0,0.0,0.0,4955.0,4955.0,0.0,0.0,1.1562262644809147,0.12038972999999917
