mode,clients,condition,gamma,seed,wall_clock_s
iid,2,baseline,0.0,4,28.895576
iid,2,noise,0.5,4,36.46386319999999
iid,2,crowd,0.5,4,30.368180600000002
iid,2,noise,1.0,4,27.714079400000003
iid,2,crowd,1.0,4,23.649472700000018
iid,5,baseline,0.0,4,43.42250340000001
iid,5,noise,0.5,4,38.1412258
iid,5,crowd,0.5,4,44.58574140000002
iid,5,noise,1.0,4,37.71336020000001
iid,5,crowd,1.0,4,38.359130100000016
noniid,2,baseline,0.0,4,24.975057300000003
noniid,2,noise,0.5,4,23.42538040000005
noniid,2,crowd,0.5,4,24.689184900000043
noniid,2,noise,1.0,4,27.052345000000003
noniid,2,crowd,1.0,4,23.590900199999965
noniid,5,baseline,0.0,4,38.819065300000034
noniid,5,noise,0.5,4,38.6032760999999
noniid,5,crowd,0.5,4,39.339462899999944
noniid,5,noise,1.0,4,36.499601299999995
noniid,5,crowd,1.0,4,36.3106600000001
