partition,clients,condition,gamma,mse_mean,mse_sd,r2_mean,r2_sd,upload_mean,reviewed_mean,fixed_mean,initial_corrupted_mean,remaining_mean,precision_mean,recall_mean,sigma_actual_mean,round_wall_mean_s
iid,2,baseline,0.0,0.5606015837666928,,0.5721934197068403,,4320.0,0.0,0.0,0.0,0.0,0.0,0.0,0.0,0.0900922966666666
iid,2,crowd,0.5,0.5617009690207295,,0.5713544562440651,,4320.0,100.0,42.0,4954.0,4912.0,0.42,0.0084779975777149,0.5781131322404574,0.07263281333333357
iid,2,crowd,1.0,0.5636043887393621,,0.5699019175708427,,4320.0,100.0,79.0,4954.0,4875.0,0.79,0.0159467097295115,1.1562262644809147,0.07904361999999972
iid,2,noise,0.5,0.5616317245636606,,0.5714072981111606,,4320.0,0.0,0.0,4954.0,4954.0,0.0,0.0,0.5781131322404574,0.07999680999999983
iid,2,noise,1.0,0.5627500770251743,,0.570553860382876,,4320.0,0.0,0.0,4954.0,4954.0,0.0,0.0,1.1562262644809147,0.07159858000000005
iid,5,baseline,0.0,0.5535138169825529,,0.577602240084166,,10800.0,0.0,0.0,0.0,0.0,0.0,0.0,0.0,0.1857118800000003
iid,5,crowd,0.5,0.553036568214774,,0.5779664384189633,,10800.0,100.0,41.0,4955.0,4914.0,0.41,0.0082744702320887,0.5781131322404574,0.1537896600000001
iid,5,crowd,1.0,0.5526768393410864,,0.5782409549093575,,10800.0,100.0,83.0,4955.0,4872.0,0.83,0.0167507568113017,1.1562262644809147,0.16554881000000035
iid,5,noise,0.5,0.5536066326710447,,0.5775314105263462,,10800.0,0.0,0.0,4955.0,4955.0,0.0,0.0,0.5781131322404574,0.17723569999999958
iid,5,noise,1.0,0.553927897500356,,0.5772862467380588,,10800.0,0.0,0.0,4955.0,4955.0,0.0,0.0,1.1562262644809147,0.16338403333333373
noniid,2,baseline,0.0,0.5546105913079827,,0.576765269074625,,4320.0,0.0,0.0,0.0,0.0,0.0,0.0,0.0,0.06742724333333293
noniid,2,crowd,0.5,0.5561329055934264,,0.5756035597833111,,4320.0,100.0,54.0,4954.0,4900.0,0.54,0.0109002825999192,0.5781131322404574,0.04833150333333321
noniid,2,crowd,1.0,0.5569192439140788,,0.5750034888636902,,4320.0,100.0,86.0,4954.0,4868.0,0.86,0.0173597093257973,1.1562262644809147,0.07966202000000003
noniid,2,noise,0.5,0.556343180135354,,0.5754430949624657,,4320.0,0.0,0.0,4954.0,4954.0,0.0,0.0,0.5781131322404574,0.07725870999999929
noniid,2,noise,1.0,0.5581941594826598,,0.5740305746134442,,4320.0,0.0,0.0,4954.0,4954.0,0.0,0.0,1.1562262644809147,0.07474485333333342
noniid,5,baseline,0.0,0.5544238850878958,,0.5769077484251082,,10800.0,0.0,0.0,0.0,0.0,0.0,0.0,0.0,0.20273682333333445
noniid,5,crowd,0.5,0.5546943315456997,,0.5767013651796522,,10800.0,100.0,47.0,4955.0,4908.0,0.47,0.0094853683148335,0.5781131322404574,0.20447783666666716
noniid,5,crowd,1.0,0.5547333008714707,,0.5766716268869375,,10800.0,100.0,86.0,4955.0,4869.0,0.86,0.017356205852674,1.1562262644809147,0.13986710333333313
noniid,5,noise,0.5,0.5547105687982297,,0.5766889741988213,,10800.0,0.0,0.0,4955.0,4955.0,0.0,0.0,0.5781131322404574,0.10277724333333357
noniid,5,noise,1.0,0.5550781911379564,,0.5764084340424036,,10800.0,0.0,0.0,4955.0,4955.0,0.0,0.0,1.1562262644809147,0.11527601999999944
