round,bytes_up_round,test_mse,test_r2,avg_client_fit_time_s,max_client_fit_time_s,round_wall_time_s,crowd_reviewed_round,crowd_fixed_round,crowd_reviewed_cumulative,crowd_fixed_cumulative,initial_corrupted,remaining_corrupted,selection_precision_cumulative,correction_recall_cumulative,noise_sigma_actual
1,360.0,2.29096700088166,-0.7482839624290937,0.00798394870397309,0.008860900000001948,4.653841700000001,0.0,0.0,0.0,0.0,4955.0,4955.0,0.0,0.0,0.5781131322404574
2,360.0,1.2753627494484476,0.026744496851279446,0.008589585331881056,0.014039799999999047,0.06606049999999897,0.0,0.0,0.0,0.0,4955.0,4955.0,0.0,0.0,0.5781131322404574
3,360.0,0.9001392465357779,0.313085256982801,0.008791375478442276,0.012557400000005714,0.0656766000000033,0.0,0.0,0.0,0.0,4955.0,4955.0,0.0,0.0,0.5781131322404574
4,360.0,0.739599697574562,0.435596283408097,0.007390049031008648,0.008813299999999913,0.07981370000000254,0.0,0.0,0.0,0.0,4955.0,4955.0,0.0,0.0,0.5781131322404574
5,360.0,0.6626354227050825,0.49432930199043057,0.007223330838176584,0.008326099999997894,0.0728190999999967,0.0,0.0,0.0,0.0,4955.0,4955.0,0.0,0.0,0.5781131322404574
6,360.0,0.6223332164122604,0.5250847432015584,0.0073444252785859546,0.00845300000000293,0.0753231999999997,5.0,4.0,5.0,4.0,4955.0,4951.0,0.8,0.0008072653884964682,0.5781131322404574
7,360.0,0.5993911651738338,0.5425922936070997,0.008487659544574968,0.01116400000000084,0.09184950000000214,5.0,5.0,10.0,9.0,4955.0,4946.0,0.9,0.0018163471241170535,0.5781131322404574
8,360.0,0.5854145421009738,0.5532581416781519,0.00825423848110498,0.01129030000000597,0.13284580000000545,5.0,1.0,15.0,10.0,4955.0,4945.0,0.6666666666666666,0.0020181634712411706,0.5781131322404574
9,360.0,0.5763018293433623,0.5602122399092586,0.007625724073399546,0.0085583999999983,0.09706830000000366,5.0,3.0,20.0,13.0,4955.0,4942.0,0.65,0.0026236125126135215,0.5781131322404574
10,360.0,0.5700176692047775,0.5650078115536323,0.00652412332848934,0.007861800000000585,0.06737569999999948,5.0,4.0,25.0,17.0,4955.0,4938.0,0.68,0.0034308779011099897,0.5781131322404574
11,360.0,0.565454633480463,0.5684899578149012,0.0071016605075078015,0.007864299999994273,0.09082409999999896,5.0,1.0,30.0,18.0,4955.0,4937.0,0.6,0.003632694248234107,0.5781131322404574
12,360.0,0.5620593718874864,0.5710809516567886,0.007521141394138825,0.009824800000004075,0.0949429000000066,5.0,3.0,35.0,21.0,4955.0,4934.0,0.6,0.004238143289606458,0.5781131322404574
13,360.0,0.5594928590027635,0.5730395103413977,0.007613704530037617,0.009935299999995095,0.07945409999999953,5.0,4.0,40.0,25.0,4955.0,4930.0,0.625,0.005045408678102927,0.5781131322404574
14,360.0,0.557525999974022,0.5745404608548639,0.009288311040455223,0.01082779999999417,0.07208389999999554,5.0,0.0,45.0,25.0,4955.0,4930.0,0.5555555555555556,0.005045408678102927,0.5781131322404574
15,360.0,0.5560237811541496,0.5756868348837483,0.005216094252666467,0.009162699999997415,0.05358730000000378,5.0,3.0,50.0,28.0,4955.0,4927.0,0.56,0.0056508577194752775,0.5781131322404574
16,360.0,0.554878883966242,0.5765605294378291,0.005183111119186735,0.007977700000004972,0.06196249999999992,5.0,2.0,55.0,30.0,4955.0,4925.0,0.5454545454545454,0.006054490413723511,0.5781131322404574
17,360.0,0.5540141166159969,0.5772204511604395,0.004627993138325121,0.0066518000000002075,0.05752689999999916,5.0,3.0,60.0,33.0,4955.0,4922.0,0.55,0.006659939455095863,0.5781131322404574
18,360.0,0.5533794078179759,0.5777048104776912,0.005429253373302482,0.0096942999999996,0.05343950000000319,5.0,1.0,65.0,34.0,4955.0,4921.0,0.5230769230769231,0.0068617558022199794,0.5781131322404574
19,360.0,0.5529270966240002,0.5780499784378366,0.006451926459545697,0.010384199999997179,0.05019479999999987,5.0,3.0,70.0,37.0,4955.0,4918.0,0.5285714285714286,0.007467204843592331,0.5781131322404574
20,360.0,0.552617809874315,0.5782860015075963,0.006492623352713122,0.010289100000001383,0.051154500000002656,5.0,3.0,75.0,40.0,4955.0,4915.0,0.5333333333333333,0.008072653884964682,0.5781131322404574
21,360.0,0.5524262336017597,0.5784321972951226,0.005876211682410784,0.008801699999999357,0.0535132000000047,5.0,1.0,80.0,41.0,4955.0,4914.0,0.5125,0.008274470232088799,0.5781131322404574
22,360.0,0.5523143390671602,0.5785175863121832,0.005446120736433731,0.007758000000002596,0.06295779999999951,5.0,1.0,85.0,42.0,4955.0,4913.0,0.49411764705882355,0.008476286579212917,0.5781131322404574
23,360.0,0.5522837891128797,0.5785408996096252,0.005059662166910212,0.006725000000002979,0.05099009999999993,5.0,0.0,90.0,42.0,4955.0,4913.0,0.4666666666666667,0.008476286579212917,0.5781131322404574
24,360.0,0.5523127274400851,0.5785188161778982,0.00606295995639566,0.00832189999999855,0.06315039999999783,5.0,3.0,95.0,45.0,4955.0,4910.0,0.47368421052631576,0.009081735620585268,0.5781131322404574
25,360.0,0.552398309043667,0.5784535070988223,0.006432438874758136,0.008472699999998667,0.049604099999996265,5.0,3.0,100.0,48.0,4955.0,4907.0,0.48,0.009687184661957619,0.5781131322404574
26,360.0,0.5525067130612904,0.5783707817669423,0.005491658278829009,0.007443200000004424,0.0437365000000014,0.0,0.0,100.0,48.0,4955.0,4907.0,0.48,0.009687184661957619,0.5781131322404574
27,360.0,0.5526370225513993,0.5782713399191889,0.004545545554746323,0.004719999999998947,0.0357021999999958,0.0,0.0,100.0,48.0,4955.0,4907.0,0.48,0.009687184661957619,0.5781131322404574
28,360.0,0.552783673146143,0.5781594278389309,0.0056076655523262416,0.006950899999999649,0.04554719999999435,0.0,0.0,100.0,48.0,4955.0,4907.0,0.48,0.009687184661957619,0.5781131322404574
29,360.0,0.5529411580587996,0.5780392478681954,0.006964113493216743,0.012968399999998326,0.048807400000001167,0.0,0.0,100.0,48.0,4955.0,4907.0,0.48,0.009687184661957619,0.5781131322404574
30,360.0,0.5531048781758167,0.577914309684975,0.00547861411700746,0.006744400000002315,0.05084759999999733,0.0,0.0,100.0,48.0,4955.0,4907.0,0.48,0.009687184661957619,0.5781131322404574
