partition,clients,condition,gamma,mse_mean,mse_sd,r2_mean,r2_sd,upload_mean,reviewed_mean,fixed_mean,initial_corrupted_mean,remaining_mean,precision_mean,recall_mean,sigma_actual_mean,round_wall_mean_s,seed
iid,2,baseline,0.0,0.5555084317239029,,0.5760801086164561,,4320.0,0.0,0.0,0.0,0.0,0.0,0.0,0.0,0.0591535400000003,1
iid,2,crowd,0.5,0.5545462606073668,,0.5768143611532691,,4320.0,100.0,49.0,4954.0,4905.0,0.49,0.0098909971740008,0.5781131322404574,0.0333432966666663,1
iid,2,crowd,1.0,0.5537289414827449,,0.5774380741605772,,4320.0,100.0,86.0,4954.0,4868.0,0.86,0.0173597093257973,1.1562262644809147,0.0794275600000002,1
iid,2,noise,0.5,0.5546430762394504,,0.5767404791563574,,4320.0,0.0,0.0,4954.0,4954.0,0.0,0.0,0.5781131322404574,0.0724844033333329,1
iid,2,noise,1.0,0.5538933389780636,,0.5773126190560651,,4320.0,0.0,0.0,4954.0,4954.0,0.0,0.0,1.1562262644809147,0.08108273,1
iid,5,baseline,0.0,0.5538926709017475,,0.5773131288788206,,10800.0,0.0,0.0,0.0,0.0,0.0,0.0,0.0,0.2123252466666665,1
iid,5,crowd,0.5,0.5536202959214678,,0.5775209838193793,,10800.0,100.0,41.0,4955.0,4914.0,0.41,0.0082744702320887,0.5781131322404574,0.1266102566666674,1
iid,5,crowd,1.0,0.5534178892721479,,0.5776754444898117,,10800.0,100.0,81.0,4955.0,4874.0,0.81,0.0163471241170534,1.1562262644809147,0.190845753333334,1
iid,5,noise,0.5,0.5542032448221725,,0.5770761235426377,,10800.0,0.0,0.0,4955.0,4955.0,0.0,0.0,0.5781131322404574,0.1782728233333328,1
iid,5,noise,1.0,0.5545913517577328,,0.576779951170497,,10800.0,0.0,0.0,4955.0,4955.0,0.0,0.0,1.1562262644809147,0.0998705333333333,1
noniid,2,baseline,0.0,0.5652865021424907,,0.568618262291415,,4320.0,0.0,0.0,0.0,0.0,0.0,0.0,0.0,0.077588213333333,1
noniid,2,crowd,0.5,0.5650553862921494,,0.5687946315426785,,4320.0,100.0,51.0,4954.0,4903.0,0.51,0.0102947113443681,0.5781131322404574,0.0871746766666665,1
noniid,2,crowd,1.0,0.5653367929788105,,0.5685798843215177,,4320.0,100.0,84.0,4954.0,4870.0,0.84,0.0169559951554299,1.1562262644809147,0.0583772166666665,1
noniid,2,noise,0.5,0.5652115783137655,,0.568675438203645,,4320.0,0.0,0.0,4954.0,4954.0,0.0,0.0,0.5781131322404574,0.0376832399999997,1
noniid,2,noise,1.0,0.5651921609110854,,0.5686902560223583,,4320.0,0.0,0.0,4954.0,4954.0,0.0,0.0,1.1562262644809147,0.0739783066666663,1
noniid,5,baseline,0.0,0.5526490702851093,,0.5782621460461995,,10800.0,0.0,0.0,0.0,0.0,0.0,0.0,0.0,0.2041309033333328,1
noniid,5,crowd,0.5,0.5520378370088697,,0.5787285907107197,,10800.0,100.0,52.0,4955.0,4903.0,0.52,0.010494450050454,0.5781131322404574,0.1691582400000001,1
noniid,5,crowd,1.0,0.551339521832315,,0.5792614893615609,,10800.0,100.0,85.0,4955.0,4870.0,0.85,0.0171543895055499,1.1562262644809147,0.1482263533333344,1
noniid,5,noise,0.5,0.5523974888616663,,0.5784541329965491,,10800.0,0.0,0.0,4955.0,4955.0,0.0,0.0,0.5781131322404574,0.1922395266666663,1
noniid,5,noise,1.0,0.5523186364696754,,0.5785143068760785,,10800.0,0.0,0.0,4955.0,4955.0,0.0,0.0,1.1562262644809147,0.1203897299999991,1
iid,2,baseline,0.0,0.5578770662598244,,0.5742725549631676,,4320.0,0.0,0.0,0.0,0.0,0.0,0.0,0.0,0.0690057499999999,2
iid,2,crowd,0.5,0.5573022475756145,,0.5747112109047511,,4320.0,100.0,50.0,4954.0,4904.0,0.5,0.0100928542591844,0.5781131322404574,0.0832807700000002,2
iid,2,crowd,1.0,0.5572735732479508,,0.5747330928730067,,4320.0,100.0,86.0,4954.0,4868.0,0.86,0.0173597093257973,1.1562262644809147,0.0508947166666667,2
iid,2,noise,0.5,0.5573585440417059,,0.5746682499154522,,4320.0,0.0,0.0,4954.0,4954.0,0.0,0.0,0.5781131322404574,0.0822409233333336,2
iid,2,noise,1.0,0.5569251120896727,,0.574999010738394,,4320.0,0.0,0.0,4954.0,4954.0,0.0,0.0,1.1562262644809147,0.0416378333333335,2
iid,5,baseline,0.0,0.553078566199744,,0.5779343888942216,,10800.0,0.0,0.0,0.0,0.0,0.0,0.0,0.0,0.1988270866666661,2
iid,5,crowd,0.5,0.552094484851607,,0.5786853615786869,,10800.0,100.0,47.0,4955.0,4908.0,0.47,0.0094853683148335,0.5781131322404574,0.2349581766666663,2
iid,5,crowd,1.0,0.5512958926377205,,0.5792947836958634,,10800.0,100.0,85.0,4955.0,4870.0,0.85,0.0171543895055499,1.1562262644809147,0.1236722800000009,2
iid,5,noise,0.5,0.5521255177757864,,0.5786616797169974,,10800.0,0.0,0.0,4955.0,4955.0,0.0,0.0,0.5781131322404574,0.1409279766666675,2
iid,5,noise,1.0,0.5512336834519684,,0.5793422568029505,,10800.0,0.0,0.0,4955.0,4955.0,0.0,0.0,1.1562262644809147,0.149463173333333,2
noniid,2,baseline,0.0,0.5646349918514758,,0.5691154431729817,,4320.0,0.0,0.0,0.0,0.0,0.0,0.0,0.0,0.0939327266666668,2
noniid,2,crowd,0.5,0.5643719794717474,,0.5693161533208025,,4320.0,100.0,46.0,4954.0,4908.0,0.46,0.0092854259184497,0.5781131322404574,0.1016703433333329,2
noniid,2,crowd,1.0,0.565632531151575,,0.5683542004490206,,4320.0,100.0,81.0,4954.0,4873.0,0.81,0.0163504238998788,1.1562262644809147,0.0843693099999997,2
noniid,2,noise,0.5,0.564547225443845,,0.5691824195208917,,4320.0,0.0,0.0,4954.0,4954.0,0.0,0.0,0.5781131322404574,0.060173923333333,2
noniid,2,noise,1.0,0.564509748984019,,0.5692110185769484,,4320.0,0.0,0.0,4954.0,4954.0,0.0,0.0,1.1562262644809147,0.1426209466666666,2
noniid,5,baseline,0.0,0.5524729042435144,,0.5783965819700373,,10800.0,0.0,0.0,0.0,0.0,0.0,0.0,0.0,0.1584787799999991,2
noniid,5,crowd,0.5,0.5533163333629767,,0.5777529438895087,,10800.0,100.0,60.0,4955.0,4895.0,0.6,0.012108980827447,0.5781131322404574,0.1369901899999997,2
noniid,5,crowd,1.0,0.5543534169825979,,0.5769615240832942,,10800.0,100.0,88.0,4955.0,4867.0,0.88,0.0177598385469223,1.1562262644809147,0.1246639066666666,2
noniid,5,noise,0.5,0.5535723459322501,,0.5775575754407842,,10800.0,0.0,0.0,4955.0,4955.0,0.0,0.0,0.5781131322404574,0.1650672033333333,2
noniid,5,noise,1.0,0.5547901529773542,,0.5766282418775034,,10800.0,0.0,0.0,4955.0,4955.0,0.0,0.0,1.1562262644809147,0.1203893733333337,2
iid,2,baseline,0.0,0.5550141425365038,,0.5764573108453837,,4320.0,0.0,0.0,0.0,0.0,0.0,0.0,0.0,0.0612479400000002,3
iid,2,crowd,0.5,0.5542664366526034,,0.5770279005592178,,4320.0,100.0,48.0,4954.0,4906.0,0.48,0.0096891400888171,0.5781131322404574,0.1010436099999997,3
iid,2,crowd,1.0,0.5531173891098509,,0.5779047623343067,,4320.0,100.0,88.0,4954.0,4866.0,0.88,0.0177634234961647,1.1562262644809147,0.0573310833333333,3
iid,2,noise,0.5,0.5524100043456487,,0.5784445821737219,,4320.0,0.0,0.0,4954.0,4954.0,0.0,0.0,0.5781131322404574,0.0959782366666664,3
iid,2,noise,1.0,0.5500787874011147,,0.5802235816946679,,4320.0,0.0,0.0,4954.0,4954.0,0.0,0.0,1.1562262644809147,0.0685678433333338,3
iid,5,baseline,0.0,0.5532266283494132,,0.5778213996274142,,10800.0,0.0,0.0,0.0,0.0,0.0,0.0,0.0,0.1888822100000009,3
iid,5,crowd,0.5,0.5535430787849864,,0.57757990980185,,10800.0,100.0,50.0,4955.0,4905.0,0.5,0.0100908173562058,0.5781131322404574,0.1439929566666665,3
iid,5,crowd,1.0,0.5539845162410918,,0.5772430398143611,,10800.0,100.0,88.0,4955.0,4867.0,0.88,0.0177598385469223,1.1562262644809147,0.0982980266666671,3
iid,5,noise,0.5,0.5531477506718723,,0.5778815928028662,,10800.0,0.0,0.0,4955.0,4955.0,0.0,0.0,0.5781131322404574,0.1238880499999997,3
iid,5,noise,1.0,0.5531241298411415,,0.5778996183438407,,10800.0,0.0,0.0,4955.0,4955.0,0.0,0.0,1.1562262644809147,0.1924521100000005,3
noniid,2,baseline,0.0,0.5552911627900837,,0.5762459110013809,,4320.0,0.0,0.0,0.0,0.0,0.0,0.0,0.0,0.0458433766666666,3
noniid,2,crowd,0.5,0.5548834907521917,,0.5765570139048725,,4320.0,100.0,45.0,4954.0,4909.0,0.45,0.009083568833266,0.5781131322404574,0.0983450499999998,3
noniid,2,crowd,1.0,0.5551672604795022,,0.5763404633988681,,4320.0,100.0,83.0,4954.0,4871.0,0.83,0.0167541380702462,1.1562262644809147,0.0888542499999998,3
noniid,2,noise,0.5,0.5549571539990097,,0.5765007999685813,,4320.0,0.0,0.0,4954.0,4954.0,0.0,0.0,0.5781131322404574,0.09395331,3
noniid,2,noise,1.0,0.5547573728757088,,0.5766532570461946,,4320.0,0.0,0.0,4954.0,4954.0,0.0,0.0,1.1562262644809147,0.0534508733333327,3
noniid,5,baseline,0.0,0.5523385519087638,,0.5784991089955549,,10800.0,0.0,0.0,0.0,0.0,0.0,0.0,0.0,0.1853191766666662,3
noniid,5,crowd,0.5,0.5527946889986899,,0.5781510214156464,,10800.0,100.0,48.0,4955.0,4907.0,0.48,0.0096871846619576,0.5781131322404574,0.219090036666667,3
noniid,5,crowd,1.0,0.5536871656413649,,0.5774699541629837,,10800.0,100.0,85.0,4955.0,4870.0,0.85,0.0171543895055499,1.1562262644809147,0.203500886666667,3
noniid,5,noise,0.5,0.5532712105196642,,0.5777873780578193,,10800.0,0.0,0.0,4955.0,4955.0,0.0,0.0,0.5781131322404574,0.1405767833333335,3
noniid,5,noise,1.0,0.5542866448245384,,0.577012479288248,,10800.0,0.0,0.0,4955.0,4955.0,0.0,0.0,1.1562262644809147,0.1593235233333335,3
iid,2,baseline,0.0,0.5553841873328457,,0.5761749220625789,,4320.0,0.0,0.0,0.0,0.0,0.0,0.0,0.0,0.1016793966666664,4
iid,2,crowd,0.5,0.5555454811348444,,0.5760518354501725,,4320.0,100.0,47.0,4954.0,4907.0,0.47,0.0094872830036334,0.5781131322404574,0.0776922333333333,4
iid,2,crowd,1.0,0.5566372904004946,,0.5752186533797047,,4320.0,100.0,85.0,4954.0,4869.0,0.85,0.0171578522406136,1.1562262644809147,0.0717839866666664,4
iid,2,noise,0.5,0.5558286045803191,,0.5758357781351082,,4320.0,0.0,0.0,4954.0,4954.0,0.0,0.0,0.5781131322404574,0.0680619099999998,4
iid,2,noise,1.0,0.5563204352192758,,0.5754604520749824,,4320.0,0.0,0.0,4954.0,4954.0,0.0,0.0,1.1562262644809147,0.0630103166666666,4
iid,5,baseline,0.0,0.5541791160665548,,0.5770945366915237,,10800.0,0.0,0.0,0.0,0.0,0.0,0.0,0.0,0.188156323333333,4
iid,5,crowd,0.5,0.5545272417696624,,0.5768288748188655,,10800.0,100.0,50.0,4955.0,4905.0,0.5,0.0100908173562058,0.5781131322404574,0.0977071266666667,4
iid,5,crowd,1.0,0.5543127514903279,,0.5769925567554944,,10800.0,100.0,84.0,4955.0,4871.0,0.84,0.0169525731584258,1.1562262644809147,0.1442693533333337,4
iid,5,noise,0.5,0.5546348841445364,,0.5767467307122075,,10800.0,0.0,0.0,4955.0,4955.0,0.0,0.0,0.5781131322404574,0.1313572733333333,4
iid,5,noise,1.0,0.5551504233603708,,0.5763533121502205,,10800.0,0.0,0.0,4955.0,4955.0,0.0,0.0,1.1562262644809147,0.1338061899999997,4
noniid,2,baseline,0.0,0.555630099747226,,0.575987261249456,,4320.0,0.0,0.0,0.0,0.0,0.0,0.0,0.0,0.0707955266666672,4
noniid,2,crowd,0.5,0.555028370817547,,0.5764464529519477,,4320.0,100.0,48.0,4954.0,4906.0,0.48,0.0096891400888171,0.5781131322404574,0.0568846833333333,4
noniid,2,crowd,1.0,0.5543071287948935,,0.5769968475498402,,4320.0,100.0,87.0,4954.0,4867.0,0.87,0.017561566410981,1.1562262644809147,0.0545710733333336,4
noniid,2,noise,0.5,0.5549966710294368,,0.5764706437111965,,4320.0,0.0,0.0,4954.0,4954.0,0.0,0.0,0.5781131322404574,0.0486654733333334,4
noniid,2,noise,1.0,0.5544381425776721,,0.5768968682418881,,4320.0,0.0,0.0,4954.0,4954.0,0.0,0.0,1.1562262644809147,0.100794556666666,4
noniid,5,baseline,0.0,0.5534847350130989,,0.5776244331322424,,10800.0,0.0,0.0,0.0,0.0,0.0,0.0,0.0,0.2362574066666664,4
noniid,5,crowd,0.5,0.552954759814998,,0.578028868088734,,10800.0,100.0,52.0,4955.0,4903.0,0.52,0.010494450050454,0.5781131322404574,0.1023433433333337,4
noniid,5,crowd,1.0,0.5529479996319739,,0.5780340269232171,,10800.0,100.0,85.0,4955.0,4870.0,0.85,0.0171543895055499,1.1562262644809147,0.1395877833333334,4
noniid,5,noise,0.5,0.5537516949880077,,0.5774207104934773,,10800.0,0.0,0.0,4955.0,4955.0,0.0,0.0,0.5781131322404574,0.11435523,4
noniid,5,noise,1.0,0.5540748626612263,,0.5771740946059303,,10800.0,0.0,0.0,4955.0,4955.0,0.0,0.0,1.1562262644809147,0.1481613166666669,4
iid,2,baseline,0.0,0.5606015837666928,,0.5721934197068403,,4320.0,0.0,0.0,0.0,0.0,0.0,0.0,0.0,0.0900922966666666,5
iid,2,crowd,0.5,0.5617009690207295,,0.5713544562440651,,4320.0,100.0,42.0,4954.0,4912.0,0.42,0.0084779975777149,0.5781131322404574,0.0726328133333335,5
iid,2,crowd,1.0,0.5636043887393621,,0.5699019175708427,,4320.0,100.0,79.0,4954.0,4875.0,0.79,0.0159467097295115,1.1562262644809147,0.0790436199999997,5
iid,2,noise,0.5,0.5616317245636606,,0.5714072981111606,,4320.0,0.0,0.0,4954.0,4954.0,0.0,0.0,0.5781131322404574,0.0799968099999998,5
iid,2,noise,1.0,0.5627500770251743,,0.570553860382876,,4320.0,0.0,0.0,4954.0,4954.0,0.0,0.0,1.1562262644809147,0.07159858,5
iid,5,baseline,0.0,0.5535138169825529,,0.577602240084166,,10800.0,0.0,0.0,0.0,0.0,0.0,0.0,0.0,0.1857118800000003,5
iid,5,crowd,0.5,0.553036568214774,,0.5779664384189633,,10800.0,100.0,41.0,4955.0,4914.0,0.41,0.0082744702320887,0.5781131322404574,0.1537896600000001,5
iid,5,crowd,1.0,0.5526768393410864,,0.5782409549093575,,10800.0,100.0,83.0,4955.0,4872.0,0.83,0.0167507568113017,1.1562262644809147,0.1655488100000003,5
iid,5,noise,0.5,0.5536066326710447,,0.5775314105263462,,10800.0,0.0,0.0,4955.0,4955.0,0.0,0.0,0.5781131322404574,0.1772356999999995,5
iid,5,noise,1.0,0.553927897500356,,0.5772862467380588,,10800.0,0.0,0.0,4955.0,4955.0,0.0,0.0,1.1562262644809147,0.1633840333333337,5
noniid,2,baseline,0.0,0.5546105913079827,,0.576765269074625,,4320.0,0.0,0.0,0.0,0.0,0.0,0.0,0.0,0.0674272433333329,5
noniid,2,crowd,0.5,0.5561329055934264,,0.5756035597833111,,4320.0,100.0,54.0,4954.0,4900.0,0.54,0.0109002825999192,0.5781131322404574,0.0483315033333332,5
noniid,2,crowd,1.0,0.5569192439140788,,0.5750034888636902,,4320.0,100.0,86.0,4954.0,4868.0,0.86,0.0173597093257973,1.1562262644809147,0.07966202,5
noniid,2,noise,0.5,0.556343180135354,,0.5754430949624657,,4320.0,0.0,0.0,4954.0,4954.0,0.0,0.0,0.5781131322404574,0.0772587099999992,5
noniid,2,noise,1.0,0.5581941594826598,,0.5740305746134442,,4320.0,0.0,0.0,4954.0,4954.0,0.0,0.0,1.1562262644809147,0.0747448533333334,5
noniid,5,baseline,0.0,0.5544238850878958,,0.5769077484251082,,10800.0,0.0,0.0,0.0,0.0,0.0,0.0,0.0,0.2027368233333344,5
noniid,5,crowd,0.5,0.5546943315456997,,0.5767013651796522,,10800.0,100.0,47.0,4955.0,4908.0,0.47,0.0094853683148335,0.5781131322404574,0.2044778366666671,5
noniid,5,crowd,1.0,0.5547333008714707,,0.5766716268869375,,10800.0,100.0,86.0,4955.0,4869.0,0.86,0.017356205852674,1.1562262644809147,0.1398671033333331,5
noniid,5,noise,0.5,0.5547105687982297,,0.5766889741988213,,10800.0,0.0,0.0,4955.0,4955.0,0.0,0.0,0.5781131322404574,0.1027772433333335,5
noniid,5,noise,1.0,0.5550781911379564,,0.5764084340424036,,10800.0,0.0,0.0,4955.0,4955.0,0.0,0.0,1.1562262644809147,0.1152760199999994,5
