partition,clients,condition,gamma,n_seeds,mse_mean,mse_sd,r2_mean,r2_sd,reviewed_mean,reviewed_sd,fixed_mean,fixed_sd,precision_mean,precision_sd,recall_mean,recall_sd,sigma_actual_mean,sigma_actual_sd
iid,2,baseline,0.0,5,0.5568770823239539,0.002368774126005033,0.5750356632388853,0.0018076601773477368,0.0,0.0,0.0,0.0,0.0,0.0,0.0,0.0,0.0,0.0
iid,2,crowd,0.5,5,0.5566722789982317,0.003052142229898006,0.5751919528622951,0.0023291524101087505,100.0,0.0,47.2,3.1144823004794873,0.472,0.03114482300479488,0.009527654420670119,0.0006286803190309915,0.5781131322404574,0.0
iid,2,crowd,1.0,5,0.5568723165960806,0.004168852572519534,0.5750393000636875,0.0031813370037466126,100.0,0.0,84.8,3.420526275297414,0.8480000000000001,0.03420526275297412,0.017117480823576878,0.0006904574637257518,1.1562262644809147,0.0
iid,2,noise,0.5,5,0.556374390754157,0.0034503553646796623,0.5754192774983601,0.002633037030402057,0.0,0.0,0.0,0.0,0.0,0.0,0.0,0.0,0.5781131322404574,0.0
iid,2,noise,1.0,5,0.55599355014266,0.004637365153113419,0.5757099047893971,0.0035388685747090856,0.0,0.0,0.0,0.0,0.0,0.0,0.0,0.0,1.1562262644809147,0.0
iid,5,baseline,0.0,5,0.5535781597000025,0.0004575406516800714,0.5775531388352293,0.00034915866670438297,0.0,0.0,0.0,0.0,0.0,0.0,0.0,0.0,0.0,0.0
iid,5,crowd,0.5,5,0.5533643339084995,0.0008901921076068115,0.577716313687549,0.0006793238770400948,100.0,0.0,45.8,4.54972526643093,0.458,0.04549725266430931,0.0092431886982845,0.0009182089336894183,0.5781131322404574,0.0
iid,5,crowd,1.0,5,0.5531375777964749,0.0012021851574672419,0.5778893559329776,0.0009174121800364422,100.0,0.0,84.2,2.5884358211089573,0.842,0.02588435821108956,0.01699293642785062,0.0005223886621814474,1.1562262644809147,0.0
iid,5,noise,0.5,5,0.5535436060170824,0.0009743792098284027,0.577579507460211,0.0007435687834927087,0.0,0.0,0.0,0.0,0.0,0.0,0.0,0.0,0.5781131322404574,0.0
iid,5,noise,1.0,5,0.5536054971823139,0.0015264225326884536,0.5775322770411135,0.0011648443791476353,0.0,0.0,0.0,0.0,0.0,0.0,0.0,0.0,1.1562262644809147,0.0
noniid,2,baseline,0.0,5,0.5590906695678518,0.0053761219138410725,0.5733464293579716,0.004102629028883833,0.0,0.0,0.0,0.0,0.0,0.0,0.0,0.0,0.0,0.0
noniid,2,crowd,0.5,5,0.5590944265854123,0.005158027766944272,0.5733435623007225,0.003936196906914099,100.0,0.0,48.8,3.7013511046643495,0.488,0.0370135110466435,0.00985062575696402,0.0007471439452289638,0.5781131322404574,0.0
noniid,2,crowd,1.0,5,0.559472591463772,0.00556936216149491,0.5730549769165874,0.004250094629976761,100.0,0.0,84.2,2.3874672772626644,0.842,0.02387467277262663,0.016996366572466642,0.00048192718555970616,1.1562262644809147,0.0
noniid,2,noise,0.5,5,0.5592111617842821,0.005209664269524166,0.573254479273356,0.003975601782366893,0.0,0.0,0.0,0.0,0.0,0.0,0.0,0.0,0.5781131322404574,0.0
noniid,2,noise,1.0,5,0.559418316966229,0.005178924893047371,0.5730963949001667,0.003952143932957155,0.0,0.0,0.0,0.0,0.0,0.0,0.0,0.0,1.1562262644809147,0.0
noniid,5,baseline,0.0,5,0.5530738293076765,0.0008765925681002562,0.5779380037138285,0.0006689457891817774,0.0,0.0,0.0,0.0,0.0,0.0,0.0,0.0,0.0,0.0
noniid,5,crowd,0.5,5,0.5531595901462468,0.0009764013022943966,0.5778725578568522,0.00074511188377625,100.0,0.0,51.8,5.118593556827892,0.518,0.05118593556827891,0.010454086781029218,0.0010330158540520394,0.5781131322404574,0.0
noniid,5,crowd,1.0,5,0.5534122809919444,0.0013433428230106874,0.5776797242835987,0.0010251324932266785,100.0,0.0,85.8,1.3038404810405297,0.858,0.013038404810405309,0.0173158425832492,0.00026313632311617105,1.1562262644809147,0.0
noniid,5,noise,0.5,5,0.5535406618199635,0.000835713712134276,0.5775817542374903,0.0006377502947638472,0.0,0.0,0.0,0.0,0.0,0.0,0.0,0.0,0.5781131322404574,0.0
noniid,5,noise,1.0,5,0.5541096976141502,0.001077198103811984,0.5771475113380328,0.0008220319928348241,0.0,0.0,0.0,0.0,0.0,0.0,0.0,0.0,1.1562262644809147,0.0
