partition,clients,seed,gamma,baseline_r2,noise_r2,crowd_r2,noise_delta_r2,crowd_gain_r2,r2_recovery_fraction,baseline_mse,noise_mse,crowd_mse,noise_delta_mse,crowd_gain_mse,mse_recovery_fraction,reviewed,fixed,selection_precision,correction_recall,noise_sigma_actual
iid,2,1,0.5,0.5760801086164561,0.5767404791563574,0.5768143611532691,0.0006603705399013,7.38819969117177e-05,,0.5555084317239029,0.5546430762394504,0.5545462606073668,-0.0008653554844524,9.681563208363551e-05,,100.0,49.0,0.49,0.0098909971740008,0.5781131322404574
iid,2,1,1.0,0.5760801086164561,0.5773126190560651,0.5774380741605772,0.001232510439609,0.0001254551045121,,0.5555084317239029,0.5538933389780636,0.5537289414827449,-0.0016150927458392,0.0001643974953187,,100.0,86.0,0.86,0.0173597093257973,1.1562262644809147
iid,5,1,0.5,0.5773131288788206,0.5770761235426377,0.5775209838193793,-0.0002370053361828,0.0004448602767416,1.877005319400783,0.5538926709017475,0.5542032448221725,0.5536202959214678,0.0003105739204249,0.0005829489007047,1.8770053194004293,100.0,41.0,0.41,0.0082744702320887,0.5781131322404574
iid,5,1,1.0,0.5773131288788206,0.576779951170497,0.5776754444898117,-0.0005331777083236,0.0008954933193147,1.6795400582861235,0.5538926709017475,0.5545913517577328,0.5534178892721479,0.0006986808559852,0.0011734624855849,1.679540058286239,100.0,81.0,0.81,0.0163471241170534,1.1562262644809147
noniid,2,1,0.5,0.568618262291415,0.568675438203645,0.5687946315426785,5.717591222997864e-05,0.0001191933390335,,0.5652865021424907,0.5652115783137655,0.5650553862921494,-7.492382872520409e-05,0.000156192021616,,100.0,51.0,0.51,0.0102947113443681,0.5781131322404574
noniid,2,1,1.0,0.568618262291415,0.5686902560223583,0.5685798843215177,7.199373094335382e-05,-0.0001103717008406,,0.5652865021424907,0.5651921609110854,0.5653367929788105,-9.43412314052816e-05,-0.000144632067725,,100.0,84.0,0.84,0.0169559951554299,1.1562262644809147
noniid,5,1,0.5,0.5782621460461995,0.5784541329965491,0.5787285907107197,0.0001919869503496,0.0002744577141705,,0.5526490702851093,0.5523974888616663,0.5520378370088697,-0.000251581423443,0.0003596518527966,,100.0,52.0,0.52,0.010494450050454,0.5781131322404574
noniid,5,1,1.0,0.5782621460461995,0.5785143068760785,0.5792614893615609,0.000252160829879,0.0007471824854823,,0.5526490702851093,0.5523186364696754,0.551339521832315,-0.0003304338154339,0.0009791146373603,,100.0,85.0,0.85,0.0171543895055499,1.1562262644809147
iid,2,2,0.5,0.5742725549631676,0.5746682499154522,0.5747112109047511,0.0003956949522845,4.296098929890135e-05,,0.5578770662598244,0.5573585440417059,0.5573022475756145,-0.0005185222181184,5.629646609139893e-05,,100.0,50.0,0.5,0.0100928542591844,0.5781131322404574
iid,2,2,1.0,0.5742725549631676,0.574999010738394,0.5747330928730067,0.0007264557752263,-0.0002659178653873,,0.5578770662598244,0.5569251120896727,0.5572735732479508,-0.0009519541701517,-0.0003484611582781,,100.0,86.0,0.86,0.0173597093257973,1.1562262644809147
iid,5,2,0.5,0.5779343888942216,0.5786616797169974,0.5786853615786869,0.0007272908227758,2.3681861689439643e-05,,0.553078566199744,0.5521255177757864,0.552094484851607,-0.0009530484239576,3.10329241794971e-05,,100.0,47.0,0.47,0.0094853683148335,0.5781131322404574
iid,5,2,1.0,0.5779343888942216,0.5793422568029505,0.5792947836958634,0.0014078679087289,-4.747310708708152e-05,,0.553078566199744,0.5512336834519684,0.5512958926377205,-0.0018448827477756,-6.220918575206014e-05,,100.0,85.0,0.85,0.0171543895055499,1.1562262644809147
noniid,2,2,0.5,0.5691154431729817,0.5691824195208917,0.5693161533208025,6.697634790997498e-05,0.0001337337999108,,0.5646349918514758,0.564547225443845,0.5643719794717474,-8.776640763086263e-05,0.0001752459720975,,100.0,46.0,0.46,0.0092854259184497,0.5781131322404574
noniid,2,2,1.0,0.5691154431729817,0.5692110185769484,0.5683542004490206,9.557540396676334e-05,-0.0008568181279278,,0.5646349918514758,0.564509748984019,0.565632531151575,-0.0001252428674568,-0.001122782167556,,100.0,81.0,0.81,0.0163504238998788,1.1562262644809147
noniid,5,2,0.5,0.5783965819700373,0.5775575754407842,0.5777529438895087,-0.000839006529253,0.0001953684487244,0.2328568871787033,0.5524729042435144,0.5535723459322501,0.5533163333629767,0.0010994416887357,0.0002560125692734,0.2328568871786357,100.0,60.0,0.6,0.012108980827447,0.5781131322404574
noniid,5,2,1.0,0.5783965819700373,0.5766282418775034,0.5769615240832942,-0.0017683400925339,0.0003332822057907,0.1884717805120813,0.5524729042435144,0.5547901529773542,0.5543534169825979,0.0023172487338398,0.0004367359947563,0.1884717805121623,100.0,88.0,0.88,0.0177598385469223,1.1562262644809147
iid,2,3,0.5,0.5764573108453837,0.5784445821737219,0.5770279005592178,0.0019872713283382,-0.001416681614504,,0.5550141425365038,0.5524100043456487,0.5542664366526034,-0.0026041381908551,-0.0018564323069547,,100.0,48.0,0.48,0.0096891400888171,0.5781131322404574
iid,2,3,1.0,0.5764573108453837,0.5802235816946679,0.5779047623343067,0.0037662708492842,-0.0023188193603612,,0.5550141425365038,0.5500787874011147,0.5531173891098509,-0.0049353551353891,-0.0030386017087361,,100.0,88.0,0.88,0.0177634234961647,1.1562262644809147
iid,5,3,0.5,0.5778213996274142,0.5778815928028662,0.57757990980185,6.019317545202796e-05,-0.0003016830010161,,0.5532266283494132,0.5531477506718723,0.5535430787849864,-7.887767754088948e-05,-0.0003953281131141,,100.0,50.0,0.5,0.0100908173562058,0.5781131322404574
iid,5,3,1.0,0.5778213996274142,0.5778996183438407,0.5772430398143611,7.821871642654799e-05,-0.0006565785294796,,0.5532266283494132,0.5531241298411415,0.5539845162410918,-0.0001024985082717,-0.0008603863999503,,100.0,88.0,0.88,0.0177598385469223,1.1562262644809147
noniid,2,3,0.5,0.5762459110013809,0.5765007999685813,0.5765570139048725,0.0002548889672003,5.621393629118288e-05,,0.5552911627900837,0.5549571539990097,0.5548834907521917,-0.000334008791074,7.366324681801206e-05,,100.0,45.0,0.45,0.009083568833266,0.5781131322404574
noniid,2,3,1.0,0.5762459110013809,0.5766532570461946,0.5763404633988681,0.0004073460448137,-0.0003127936473265,,0.5552911627900837,0.5547573728757088,0.5551672604795022,-0.0005337899143749,-0.0004098876037933,,100.0,83.0,0.83,0.0167541380702462,1.1562262644809147
noniid,5,3,0.5,0.5784991089955549,0.5777873780578193,0.5781510214156464,-0.0007117309377355,0.0003636433578271,0.5109281310491899,0.5523385519087638,0.5532712105196642,0.5527946889986899,0.0009326586109004,0.0004765215209743,0.5109281310492364,100.0,48.0,0.48,0.0096871846619576,0.5781131322404574
noniid,5,3,1.0,0.5784991089955549,0.577012479288248,0.5774699541629837,-0.0014866297073069,0.0004574748747357,0.3077261758508232,0.5523385519087638,0.5542866448245384,0.5536871656413649,0.0019480929157745,0.0005994791831734,0.307726175850874,100.0,85.0,0.85,0.0171543895055499,1.1562262644809147
iid,2,4,0.5,0.5761749220625789,0.5758357781351082,0.5760518354501725,-0.0003391439274706,0.0002160573150642,0.6370667364607665,0.5553841873328457,0.5558286045803191,0.5555454811348444,0.0004444172474734,0.0002831234454747,0.6370667364606987,100.0,47.0,0.47,0.0094872830036334,0.5781131322404574
iid,2,4,1.0,0.5761749220625789,0.5754604520749824,0.5752186533797047,-0.0007144699875964,-0.0002417986952777,-0.338430864102715,0.5553841873328457,0.5563204352192758,0.5566372904004946,0.00093624788643,-0.0003168551812188,-0.3384308641026553,100.0,85.0,0.85,0.0171578522406136,1.1562262644809147
iid,5,4,0.5,0.5770945366915237,0.5767467307122075,0.5768288748188655,-0.0003478059793161,8.214410665796645e-05,0.2361779599634077,0.5541791160665548,0.5546348841445364,0.5545272417696624,0.0004557680779816,0.000107642374874,0.2361779599631697,100.0,50.0,0.5,0.0100908173562058,0.5781131322404574
iid,5,4,1.0,0.5770945366915237,0.5763533121502205,0.5769925567554944,-0.0007412245413032,0.0006392446052739,0.8624169460850164,0.5541791160665548,0.5551504233603708,0.5543127514903279,0.000971307293816,0.0008376718700429,0.8624169460850278,100.0,84.0,0.84,0.0169525731584258,1.1562262644809147
noniid,2,4,0.5,0.575987261249456,0.5764706437111965,0.5764464529519477,0.0004833824617405,-2.4190759248754468e-05,,0.555630099747226,0.5549966710294368,0.555028370817547,-0.0006334287177891,-3.169978811012886e-05,,100.0,48.0,0.48,0.0096891400888171,0.5781131322404574
noniid,2,4,1.0,0.575987261249456,0.5768968682418881,0.5769968475498402,0.0009096069924321,9.997930795202505e-05,,0.555630099747226,0.5544381425776721,0.5543071287948935,-0.0011919571695538,0.0001310137827785,,100.0,87.0,0.87,0.017561566410981,1.1562262644809147
noniid,5,4,0.5,0.5776244331322424,0.5774207104934773,0.578028868088734,-0.0002037226387651,0.0006081575952566,2.9852234338956487,0.5534847350130989,0.5537516949880077,0.552954759814998,0.0002669599749087,0.0007969351730097,2.9852234338950647,100.0,52.0,0.52,0.010494450050454,0.5781131322404574
noniid,5,4,1.0,0.5776244331322424,0.5771740946059303,0.5780340269232171,-0.0004503385263121,0.0008599323172868,1.909524206886984,0.5534847350130989,0.5540748626612263,0.5529479996319739,0.0005901276481273,0.0011268630292523,1.909524206886709,100.0,85.0,0.85,0.0171543895055499,1.1562262644809147
iid,2,5,0.5,0.5721934197068403,0.5714072981111606,0.5713544562440651,-0.0007861215956797,-5.284186709553218e-05,-0.0672184397247651,0.5606015837666928,0.5616317245636606,0.5617009690207295,0.0010301407969678,-6.924445706890658e-05,-0.0672184397246704,100.0,42.0,0.42,0.0084779975777149,0.5781131322404574
iid,2,5,1.0,0.5721934197068403,0.570553860382876,0.5699019175708427,-0.0016395593239643,-0.0006519428120332,-0.397632950820559,0.5606015837666928,0.5627500770251743,0.5636043887393621,0.0021484932584815,-0.0008543117141878,-0.3976329508204299,100.0,79.0,0.79,0.0159467097295115,1.1562262644809147
iid,5,5,0.5,0.577602240084166,0.5775314105263462,0.5779664384189633,-7.082955781989586e-05,0.0004350278926171,6.14189762024719,0.5535138169825529,0.5536066326710447,0.553036568214774,9.281568849184296e-05,0.0005700644562707,6.1418976202587166,100.0,41.0,0.41,0.0082744702320887,0.5781131322404574
iid,5,5,1.0,0.577602240084166,0.5772862467380588,0.5782409549093575,-0.0003159933461072,0.0009547081712986,3.021292008391504,0.5535138169825529,0.553927897500356,0.5526768393410864,0.0004140805178031,0.0012510581592696,3.0212920083925936,100.0,83.0,0.83,0.0167507568113017,1.1562262644809147
noniid,2,5,0.5,0.576765269074625,0.5754430949624657,0.5756035597833111,-0.0013221741121592,0.0001604648208454,0.1213643644734183,0.5546105913079827,0.556343180135354,0.5561329055934264,0.0017325888273712,0.0002102745419275,0.1213643644733666,100.0,54.0,0.54,0.0109002825999192,0.5781131322404574
noniid,2,5,1.0,0.576765269074625,0.5740305746134442,0.5750034888636902,-0.0027346944611807,0.000972914250246,0.3557670752826802,0.5546105913079827,0.5581941594826598,0.5569192439140788,0.003583568174677,0.001274915568581,0.3557670752827077,100.0,86.0,0.86,0.0173597093257973,1.1562262644809147
noniid,5,5,0.5,0.5769077484251082,0.5766889741988213,0.5767013651796522,-0.0002187742262869,1.2390980830945251e-05,0.0566382111880726,0.5544238850878958,0.5547105687982297,0.5546943315456997,0.0002866837103339,1.6237252529971435e-05,0.0566382111877205,100.0,47.0,0.47,0.0094853683148335,0.5781131322404574
noniid,5,5,1.0,0.5769077484251082,0.5764084340424036,0.5766716268869375,-0.0004993143827045,0.0002631928445339,0.5271084784466097,0.5544238850878958,0.5550781911379564,0.5547333008714707,0.0006543060500606,0.0003448902664857,0.5271084784464154,100.0,86.0,0.86,0.017356205852674,1.1562262644809147
