Gamma,Seed,Baseline R2,Noise R2,Crowd R2,Delta R2 Noise,Delta R2 Crowd
0.5,1,0.578262,0.578454,0.578729,0.000192,0.000274
0.5,2,0.578397,0.577558,0.577753,-0.000839,0.000195
0.5,3,0.578499,0.577787,0.578151,-0.000712,0.000364
0.5,4,0.577624,0.577421,0.578029,-0.000204,0.000608
0.5,5,0.576908,0.576689,0.576701,-0.000219,1.2e-05
1.0,1,0.578262,0.578514,0.579261,0.000252,0.000747
1.0,2,0.578397,0.576628,0.576962,-0.001768,0.000333
1.0,3,0.578499,0.577012,0.57747,-0.001487,0.000457
1.0,4,0.577624,0.577174,0.578034,-0.00045,0.00086
1.0,5,0.576908,0.576408,0.576672,-0.000499,0.000263
